{"20": {"1": 4.9216999999999995, "0": 2.4381, "3": 5.410299999999999, "2": 2.6649}, "21": {"1": 6.499499999999999, "0": 6.0662, "3": 7.0644, "2": 6.3308}, "1": {"1": 9.2015, "0": 4.4905, "3": 11.5892, "2": 5.9248}, "0": {"1": 3.9452, "0": 3.9844, "3": 3.9277, "2": 3.8584}, "3": {"1": 6.351099999999999, "0": 3.4223, "3": 9.1756, "2": 4.972099999999999}, "2": {"1": 6.402200000000001, "0": 3.4111, "3": 9.1518, "2": 4.8853}, "5": {"1": 4.0999, "0": 1.9592999999999998, "3": 5.116999999999999, "2": 2.4458}, "4": {"1": 6.4176, "0": 3.4216, "3": 9.156699999999999, "2": 4.987500000000001}, "7": {"1": 3.9802000000000004, "0": 2.0502999999999996, "3": 5.0630999999999995, "2": 2.6166}, "6": {"1": 3.982999999999999, "0": 2.0488999999999997, "3": 5.058199999999999, "2": 2.6193999999999997}, "9": {"1": 2.4647, "0": 1.2319999999999998, "3": 2.7908999999999997, "2": 1.3958}, "8": {"1": 4.0257000000000005, "0": 2.0762, "3": 5.107199999999999, "2": 2.5942}, "11": {"1": 3.1346, "0": 1.5784999999999998, "3": 3.6589, "2": 1.8073999999999997}, "10": {"1": 3.1394999999999995, "0": 1.5805999999999996, "3": 3.6309, "2": 1.8193}, "13": {"1": 3.3782, "0": 1.7338999999999998, "3": 3.918599999999999, "2": 1.9648999999999999}, "12": {"1": 3.1416, "0": 1.5868999999999995, "3": 3.6603, "2": 1.8032}, "15": {"1": 4.4261, "0": 2.1805, "3": 5.1933, "2": 2.4549000000000003}, "14": {"1": 4.3918, "0": 2.1805, "3": 5.0673, "2": 2.4366999999999996}, "17": {"1": 3.3410999999999995, "0": 1.6163, "3": 3.5496999999999996, "2": 1.6996000000000002}, "16": {"1": 4.479999999999999, "0": 2.1937999999999995, "3": 5.0946, "2": 2.4534999999999996}, "19": {"1": 4.879700000000001, "0": 2.4598, "3": 5.3248999999999995, "2": 2.6466999999999996}, "18": {"1": 4.8923, "0": 2.4304, "3": 5.139399999999999, "2": 2.5696999999999997}}